"","Plasma.Grey","Plasma.Harbor","RBC.Grey","RBC.Harbor"
"TA",0.629479658469336,3.57455000000004,0.608399999999961,5.75144879904997
"SEA",0.317390818296702,0.91163149088868,0.332750075518302,1.39335093431185
"SEAc",0.35706467058379,0.949616136342375,0.380285800592345,1.43557368989706
